[1,["ecpdLyjvZBwrvm+cedCcQy","f0BIwQ8D5Ml7nTNQbh1YlS","e97GVMl6JHh5Ml5qEDdSGa","29FYIk+N1GYaeWH/q1NxQO","71VhFCTINJM6/Ky3oX9nBT","41D7kWhyFGY7q4NDlzkazn","31vIlawANFZqnzLlSuHBfc","ffDpHHVcZAhqOfy25Fe4w7","6aoKpq6+5BVaCIpoemqt7E","a8Anh32NZGRZegUtSgEj26","b4P/PCArtIdIH38t6mlw8Y","e8Ueib+qJEhL6mXAHdnwbi","ed0hW5J5ZKBar1gflskoHO"],["node","_textureSetter","_parent","_spriteFrame","_N$normalSprite","_N$pressedSprite","_N$hoverSprite","_N$disabledSprite","label","target","amount","buyNode","address","scene"],[["cc.Node",["_name","_id","_objFlags","_active","_components","_contentSize","_parent","_children","_color","_trs"],-1,9,5,1,2,5,7],"cc.SpriteFrame",["cc.Label",["_fontSize","_N$verticalAlign","_string","_lineHeight","_enableWrapText","_N$overflow","_N$horizontalAlign","_N$cacheMode","_materials","node"],-5,3,1],["cc.Node",["_name","_objFlags","_active","_parent","_components","_contentSize","_anchorPoint","_trs","_color"],0,1,12,5,5,7,5],["cc.Widget",["_alignFlags","alignMode","_originalWidth","_originalHeight","_left","node"],-2,1],["cc.Sprite",["_type","_sizeMode","node","_materials","_spriteFrame"],1,1,3,6],["cc.Node",["_name","_components","_contentSize","_trs","_children","_parent"],2,2,5,7,2,1],["cc.SceneAsset",["_name","asyncLoadAssets"],1],["cc.Canvas",["node","_designResolution"],3,1,5],["e1b90/rohdEk4SdmmEZANaD",["node","label"],3,1,1],["cc.Button",["_N$transition","node","clickEvents","_N$normalColor","_N$pressedColor","_N$disabledColor","_N$target","_N$normalSprite","_N$pressedSprite","_N$hoverSprite","_N$disabledSprite"],2,1,9,5,5,5,1,6,6,6,6],["cc.ClickEvent",["_componentId","handler","target"],1,1],["7cea4ki/OlAKrCnv8sDEjVG",["node","address","btnConnect","buyNode","amount"],3,1,1,1,1,1],["cc.Scene",["_name","_children","_anchorPoint","_trs"],2,2,5,7],["cc.Camera",["_clearFlags","_depth","node"],1,1],["cc.EditBox",["maxLength","_N$inputMode","node","_N$textLabel","_N$placeholderLabel","_N$background"],1,1,1,1,1]],[[4,1,0,2,3,5,5],[5,0,1,2,3,4,3],[0,0,2,7,4,8,5,3],[0,0,6,7,4,5,9,2],[0,0,2,6,4,8,5,3],[4,1,0,4,2,3,5,6],[10,0,1,2,3,4,5,6,7,8,9,10,2],[11,0,1,2,3],[2,2,0,4,6,1,5,7,9,8,8],[7,0,1,3],[0,0,1,7,4,8,5,9,3],[0,0,1,4,9,3],[0,0,3,6,7,3],[0,0,6,4,8,5,2],[0,0,6,4,2],[0,0,6,4,5,9,2],[6,0,4,1,2,3,2],[6,0,5,1,2,3,2],[3,0,1,3,4,5,3],[3,0,1,2,3,4,5,6,7,4],[3,0,1,3,4,8,5,6,7,3],[8,0,1,1],[9,0,1,1],[4,0,5,2],[5,2,3,4,1],[5,0,1,2,3,3],[12,0,1,2,3,4,1],[13,0,1,2,3,2],[2,2,0,3,6,1,8,6],[2,0,3,4,1,5,9,6],[2,2,0,3,4,1,5,9,8,7],[14,0,1,2,3],[15,0,1,2,3,4,5,3]],[[[{"name":"default_btn_disabled","rect":[0,0,40,40],"offset":[0,0],"originalSize":[40,40],"capInsets":[12,12,12,12]}],[1],0,[0],[1],[4]],[[[9,"helloworld",null],[10,"Canvas","a286bbGknJLZpRpxROV6M94",[-5,-6,-7,-8,-9,-10],[[21,-1,[5,1080,1920]],[22,-3,-2],[23,45,-4]],[4,4294769916],[5,1080,1920],[540,960,0,0,0,0,1,1,1,1]],[2,"Background",512,[-13],[[1,1,0,-11,[6],7],[0,0,45,100,40,-12]],[4,4293322470],[5,100,40]],[16,"New EditBox",[-15,-16,-17],[-14],[5,160,40],[0,506.918,0,0,0,0,1,1,1,1]],[2,"Background",512,[-20],[[1,1,0,-18,[11],12],[0,0,45,100,40,-19]],[4,4293322470],[5,100,40]],[3,"Connect",1,[2],[[6,1,-22,[[7,"7cea4ki/OlAKrCnv8sDEjVG","onConnectClick",-21]],[4,4293322470],[4,4291348680],[4,3363338360],2,17,18,19,20]],[5,100,40],[0,311.091,0,0,0,0,1,1,1,1]],[11,"WalletMgr","9d+vJ0PYdMq733Uhx9Yjkz",[[26,-26,-25,5,-24,-23]],[540,960,0,0,0,0,1,1,1,1]],[12,"Transfer",false,1,[3,-27]],[27,"New Node",[1,6],[0,0,0],[0,0,0,0,0,0,1,1,1,1]],[13,"background",1,[[0,0,45,200,150,-28],[1,1,0,-29,[0],1]],[4,4281214491],[5,1080,1920]],[28,"Hello",60,60,1,1,[4]],[18,"BACKGROUND_SPRITE",512,3,[[-30,[0,0,45,160,40,-31]],1,4],[5,160,40]],[19,"TEXT_LABEL",512,false,3,[[-32,[5,0,45,2,158,40,-33]],1,4],[5,158,40],[0,0,1],[-78,20,0,0,0,0,1,1,1,1]],[20,"PLACEHOLDER_LABEL",512,3,[[-34,[5,0,45,2,158,40,-35]],1,4],[4,4290493371],[5,158,40],[0,0,1],[-78,20,0,0,0,0,1,1,1,1]],[3,"Transfer",7,[4],[[6,1,-36,[[7,"7cea4ki/OlAKrCnv8sDEjVG","buyData",6]],[4,4293322470],[4,4291348680],[4,3363338360],4,13,14,15,16]],[5,100,40],[0,410.64,0,0,0,0,1,1,1,1]],[14,"Main Camera",1,[[31,7,-1,-37]]],[15,"cocos",1,[[24,-38,[2],3]],[5,175,226],[0,50,0,0,0,0,1,1,1,1]],[17,"label",1,[10],[5,136.73,75.6],[0,-180,0,0,0,0,1,1,1,1]],[4,"Label",512,2,[[8,"Connect",20,false,1,1,1,1,-39,[5]]],[4,4278190080],[5,100,40]],[25,1,0,11,[8]],[29,20,25,false,1,1,12],[30,"Enter text here...",20,25,false,1,1,13,[9]],[32,8,6,3,20,21,19],[4,"Label",512,4,[[8,"Buy",20,false,1,1,1,1,-40,[10]]],[4,4278190080],[5,100,40]]],0,[0,0,1,0,8,10,0,0,1,0,0,1,0,-1,15,0,-2,9,0,-3,16,0,-4,17,0,-5,5,0,-6,7,0,0,2,0,0,2,0,-1,18,0,-1,22,0,-1,11,0,-2,12,0,-3,13,0,0,4,0,0,4,0,-1,23,0,9,6,0,0,5,0,10,22,0,11,7,0,12,10,0,0,6,0,-2,14,0,0,9,0,0,9,0,-1,19,0,0,11,0,-1,20,0,0,12,0,-1,21,0,0,13,0,0,14,0,0,15,0,0,16,0,0,18,0,0,23,0,13,8,1,2,8,2,2,5,3,2,7,4,2,14,6,2,8,10,0,17,40],[0,0,0,0,0,0,0,0,0,0,0,0,0,0,0,0,0,0,0,0,0,19],[-1,3,-1,3,-1,-1,-1,3,-1,-1,-1,-1,3,4,5,6,7,4,5,6,7,3],[0,5,0,6,0,0,0,1,0,0,0,0,1,1,2,1,3,1,2,1,3,7]],[[{"name":"HelloWorld","rect":[44,14,175,226],"offset":[3.5,1],"originalSize":[256,256],"capInsets":[0,0,0,0]}],[1],0,[0],[1],[8]],[[{"name":"singleColor","rect":[0,0,2,2],"offset":[0,0],"originalSize":[2,2],"capInsets":[0,0,0,0]}],[1],0,[0],[1],[9]],[[{"name":"default_btn_pressed","rect":[0,0,40,40],"offset":[0,0],"originalSize":[40,40],"capInsets":[12,12,12,12]}],[1],0,[0],[1],[10]],[[{"name":"default_btn_normal","rect":[0,0,40,40],"offset":[0,0],"originalSize":[40,40],"capInsets":[12,12,12,12]}],[1],0,[0],[1],[11]],[[{"name":"default_editbox_bg","rect":[0,0,40,40],"offset":[0,0],"originalSize":[40,40],"capInsets":[12,12,12,12]}],[1],0,[0],[1],[12]]]]