{"paths":{},"types":[],"uuids":["2dL3kvpAxJu6GJ7RdqJG5J","6aoKpq6+5BVaCIpoemqt7E","71VhFCTINJM6/Ky3oX9nBT","a8Anh32NZGRZegUtSgEj26","b4P/PCArtIdIH38t6mlw8Y","e8Ueib+qJEhL6mXAHdnwbi","ed0hW5J5ZKBar1gflskoHO","29FYIk+N1GYaeWH/q1NxQO","31vIlawANFZqnzLlSuHBfc","41D7kWhyFGY7q4NDlzkazn","e97GVMl6JHh5Ml5qEDdSGa","ecpdLyjvZBwrvm+cedCcQy","f0BIwQ8D5Ml7nTNQbh1YlS","ffDpHHVcZAhqOfy25Fe4w7"],"scenes":{"db://assets/Scene/helloworld.fire":0},"redirect":[11,0],"deps":["internal"],"packs":{"06342526c":[1,2,3,4,5,6],"0e1a88655":[7,0,8,9,10,12,13]},"name":"main","importBase":"import","nativeBase":"native","debug":false,"isZip":false,"encrypted":false,"versions":{"import":["06342526c","7c178","0e1a88655","d48f7"],"native":[1,"a4b27",2,"c06a9",3,"cea68",4,"83fcc",5,"90cf4",6,"17df6"]}}